prompt_id,domain,prompt
1,Education,Describe the importance of critical thinking in learning.
2,Healthcare,How can technology improve patient care in hospitals?
3,Coding,Write a Python program to check if a number is prime.
4,Travel,Plan a three-day trip to Goa including major attractions.
5,Business,Discuss how social media marketing influences brand growth.
6,Technology,Explain the concept of artificial intelligence in simple terms.
7,Environment,Suggest five ways to conserve water at home.
8,Finance,What are the benefits of budgeting for students?
9,Communication,Describe how non-verbal cues affect effective communication.
10,General Knowledge,Explain the role of satellites in modern communication systems.
