prompt_id,domain,prompt,response
1,Education,Describe the importance of critical thinking in learning.,"**The Importance of Critical Thinking in Learning**

Critical thinking is a crucial skill for effective learning, enabling individuals to analyze, evaluate, and interpret information objectively, leading to deeper understanding and informed conclusions.

**Key Benefits of Critical Thinking:**

* **Improved Learning Outcomes:** By questioning assumptions, identifying biases, and exploring multiple perspectives, critical thinking facilitates deeper comprehension and retention of information.
* **Enhanced Problem-Solving Skills:** Critical thinking helps individuals identify problems, break them down into smaller components, and develop effective solutions.
* **Critical Evaluation:** It teaches individuals to identify the strengths and weaknesses of arguments, allowing them to evaluate the validity and credibility of sources.
* **Increased Understanding:** By challenging assumptions and exploring different viewpoints, critical thinking enhances a deeper understanding of concepts and ideas.
* **Improved Decision-Making:** Critical thinking skills enable individuals to evaluate different options objectively and make well-informed decisions.
* **Self-Assessment:** By reflecting on their own learning processes and considering alternative perspectives, critical thinking fosters self-awareness and improvement.
* **Effective Communication:** Critical thinking enhances communication skills by encouraging individuals to articulate their thoughts logically, support claims with evidence, and engage in respectful discussions.
* **Adaptability:** In an ever-changing world, critical thinking skills are essential for adapting to new information and challenges.
* **Increased Lifelong Learning:** Critical thinking is a lifelong skill that helps individuals stay informed, make informed decisions, and continue learning throughout their lives.

**How to Develop Critical Thinking Skills:**

* **Reading and Analysis:** Actively read and analyze complex texts to identify central ideas, supporting evidence, and different perspectives.
* **Questioning and Critical Inquiry:** Formulate questions that challenge the assumptions in the text and encourage deeper analysis.
* **Debates and Discussions:** Engage in respectful debates and discussions to challenge different viewpoints and learn from opposing perspectives.
* **Brainstorming and Creative Thinking:** Engage in brainstorming sessions and explore different ideas to generate novel solutions.
* **Problem-Solving:** Apply critical thinking skills to real-life problems and scenarios to develop practical strategies.
* **Critical Feedback:** Seek constructive criticism from others and be open to reflecting on your own learning process.

**Conclusion:**

Critical thinking is a vital skill for learning that empowers individuals to gain deeper understanding, solve problems effectively, and make informed decisions. By developing critical thinking skills, individuals can enhance their learning process, improve their problem-solving abilities, and become more effective communicators."
2,Healthcare,How can technology improve patient care in hospitals?,"**Technology can improve patient care in hospitals in various ways:**

**1. Enhanced Patient Monitoring:**
- Wearable health monitors and remote patient monitoring systems allow healthcare providers to track patients' vital signs and health parameters continuously, regardless of location.
- Real-time data access enables faster identification of potential issues, improving timely intervention.

**2. Precision Medicine:**
- Genetic testing, advanced analytics, and artificial intelligence help identify individual patient's genetic makeup and tailor treatment plans to their specific needs.
- This precision approach improves disease prediction, treatment efficacy, and patient outcomes.

**3. Enhanced Diagnostic Tools:**
- Digital imaging technologies like MRI and CT scans provide detailed cross-sectional views of the body, aiding in early disease detection and diagnosis.
- Telemedicine enables remote diagnostics, reducing patient travel and increasing access to specialists.

**4. Improved Drug Management:**
- Electronic medication records and automated dispensing systems streamline drug administration, reducing medication errors and improving patient safety.
- Drug dispensing kiosks and medication adherence reminders can help improve patient medication adherence.

**5. Robotic Surgery and Procedures:**
- Advanced robotics and minimally invasive surgical techniques allow surgeons to perform complex procedures with greater precision and minimal scarring.
- This leads to shorter recovery times, reduced pain, and improved patient outcomes.

**6. Virtual Reality Therapy:**
- VR therapy provides immersive and engaging experiences for patients with chronic conditions or anxiety disorders.
- It can help manage symptoms, reduce stress, and improve overall quality of life.

**7. Patient Engagement and Education:**
- Mobile health apps and digital health platforms enable patients to monitor their health, track medications, and access educational materials.
- This promotes self-management and empowers patients to actively participate in their care.

**8. Remote Care and Telemedicine:**
- Telemedicine and virtual care services allow patients to receive medical care remotely, reducing the need for hospital visits.
- This improves patient convenience, reduces transportation time, and minimizes healthcare disparities.

**9. Population Health Management:**
- Hospital systems can use data analytics to identify high-risk populations, optimize resource allocation, and implement targeted interventions to improve population health.

**10. Innovation and Research:**
- Technology advancements in areas such as AI, big data, and robotics create opportunities for further research and development in healthcare, leading to new therapies and personalized care solutions."
3,Coding,Write a Python program to check if a number is prime.,"```python
def is_prime(n):
  """"""
  Checks if a number is prime.

  Args:
    n: The number to check.

  Returns:
    True if n is prime, False otherwise.
  """"""

  # If n is less than 2, it is not prime.
  if n <= 1:
    return False

  # Iterate through all the numbers from 2 to the square root of n.
  for i in range(2, int(n**0.5) + 1):
    # If there is a divisor, n is not prime.
    if n % i == 0:
      return False

  # If no divisors are found, n is prime.
  return True


# Get the input number from the user.
number = int(input(""Enter a number: ""))

# Check if the number is prime.
if is_prime(number):
  print(f""{number} is a prime number."")
else:
  print(f""{number} is not a prime number."")
```

**How to use the program:**

1. Save the code in a file named `prime.py`.
2. Run the program by executing the command `python prime.py`.
3. Enter a number when prompted.
4. The program will display a message indicating whether the number is prime or not.

**Example usage:**

```
Enter a number: 13
13 is a prime number.
```

**Note:**

* The program uses a trial division algorithm to check if a number is prime.
* A number is considered prime if it is only divisible by 1 and itself.
* The time complexity of the program is O(n), where n is the input number."
4,Travel,Plan a three-day trip to Goa including major attractions.,"## Goa in 3 Days: A Vibrant Escape

**Day 1:**

* **Morning:** Arrive in Goa and check into your accommodation. Explore the vibrant neighborhood of **Panjim**, the bustling capital city. Visit the **Fontainhas neighborhood** for its colonial architecture and vibrant nightlife.
* **Afternoon:** Head to **Anjuna Beach** for sunbathing, swimming, and enjoying the lively atmosphere. Explore the nearby **Anjuna Flea Market** for souvenirs and local crafts.
* **Evening:** Witness a stunning sunset from **Fort Aguada** with panoramic city views. Enjoy a delicious seafood dinner at a beachfront restaurant in Anjuna.

**Day 2:**

* **Morning:** Visit the **Goa State Museum** to delve into the history and culture of the region. Explore the fascinating collection of artifacts and exhibits.
* **Afternoon:** Embark on a thrilling **water sports adventure** like parasailing, jet skiing, or banana boat rides. Enjoy the scenic beauty of the coastline.
* **Evening:** Immerse yourself in the nightlife of Goa. Dance the night away at a beach club in Panjim or enjoy live music in Anjuna.

**Day 3:**

* **Morning:** Head to the serene **Dudhsagar Falls** for a refreshing dip and breathtaking scenery.
* **Afternoon:** Visit the captivating **Chapora Fort** with breathtaking views of the coastline. Explore the historical ruins and enjoy the panoramic vistas.
* **Evening:** Indulge in a traditional Goan dinner at a local restaurant. Enjoy live Goan music and dance performances before returning to your accommodation.

**Additional Activities:**

* Explore the vibrant **Tito's Lane in Panjim** for shopping and dining.
* Visit the serene **Se Cathedral in Old Goa** for a historical dose of the city.
* Take a leisurely stroll along the picturesque **Mandovi River** in North Goa.
* Enjoy a sunset cruise in the Arabian Sea for a magical experience.

**Tips:**

* Book your accommodation in advance, especially during peak season.
* Bargaining is expected in local markets.
* Pack comfortable clothes, swimwear, sunscreen, and a hat.
* Learn basic Hindi phrases for a more authentic experience.
* Be aware of the local customs and dress modestly when visiting religious sites.

**This itinerary is just a suggestion, customize it to fit your interests and preferences. Enjoy your unforgettable trip to Goa!**"
5,Business,Discuss how social media marketing influences brand growth.,"**Social Media Marketing and Brand Growth**

Social media marketing has become an indispensable tool for businesses of all sizes to achieve brand growth and success. By leveraging the vast reach and engagement capabilities of social media platforms, brands can connect with potential customers, build brand awareness, and foster customer loyalty.

**Reach and Targeting:**

* Social media platforms provide a wide and diverse reach, enabling brands to target specific audiences based on demographics, interests, and behavior.
* By creating targeted ads and content, businesses can engage with the right audience at the right time, ensuring that their messages are seen by potential customers.

**Building Brand Awareness:**

* Social media marketing allows brands to create engaging content, such as videos, images, and live videos, that can capture attention and promote brand awareness.
* Hashtags, influencer collaborations, and social media contests can also help increase brand visibility and build a loyal following.

**Customer Engagement:**

* Social media provides a platform for real-time customer engagement, allowing brands to respond to inquiries, feedback, and complaints promptly.
* Social media listening tools and analytics can help track customer sentiment and identify areas for improvement, ensuring that brands are providing excellent customer experiences.

**Customer Loyalty and Advocacy:**

* Social media enables brands to build relationships with customers and foster loyalty through interactive content, contests, and personalized communications.
* Positive customer experiences can be shared on social media, creating a buzz around the brand and encouraging others to engage.

**Content Marketing:**

* Social media platforms are a powerful channel for content creation and distribution, allowing brands to share informative, engaging, and relevant content that resonates with their target audience.
* Social media marketing can also be used to promote new products, services, and events, generating leads and increasing brand awareness.

**Market Research and Analysis:**

* Social media analytics tools provide valuable insights into customer behavior, preferences, and trends, allowing brands to make informed decisions about product development, marketing strategies, and customer service.
* By tracking social mentions and conversations, brands can identify brand mentions and monitor brand reputation.

**Cost-Effectiveness:**

* While traditional marketing channels can be expensive, social media marketing can be more cost-effective, especially for small and medium-sized businesses.
* By leveraging free social media tools and platforms, businesses can create and manage their own social media presence without significant upfront costs.

**Conclusion:**

Social media marketing has become an essential channel for brand growth, enabling businesses to reach their target audience effectively, build brand awareness, foster customer engagement, and create lasting customer loyalty. By implementing effective social media strategies, brands can harness the power of social media to achieve significant growth and success in a competitive marketplace."
6,Technology,Explain the concept of artificial intelligence in simple terms.,"Sure. Here's a simple explanation of artificial intelligence (AI):

**Imagine a computer that can learn and solve problems on its own. That's what artificial intelligence is all about.**

**Here's how it works:**

* **Data:** AI uses vast amounts of data to learn about the world and how things work. This data can be things like pictures, music, videos, and text.
* **Algorithms:** AI uses special algorithms to organize and make sense of this data. These algorithms can be mathematical, statistical, or machine learning.
* **Learning:** Through trial and error, AI can learn from the data it's given. The more data it has, the better it gets at learning.
* **Problem-solving:** Once AI has learned, it can use its knowledge to solve problems or make decisions. For example, an AI could help us write a poem, translate a language, or recommend a movie to watch.

**Here are some examples of AI:**

* **Virtual assistants like Siri and Alexa:** These are AI-powered assistants that can answer questions and complete tasks for you.
* **Chatbots:** Chatbots are AI-powered computers that can have conversations with you like a real person.
* **Self-driving cars:** Self-driving cars use AI to navigate the roads safely.
* **Medical diagnosis:** AI is used by doctors to help diagnose diseases and make treatment decisions.

**AI is still under development, but it has the potential to do amazing things.**

**Here are some of the potential benefits of AI:**

* **Increased efficiency:** AI can automate tasks and processes, freeing up humans to focus on more creative and strategic work.
* **Improved accuracy:** AI can perform tasks with greater accuracy than humans, such as medical diagnosis and financial forecasting.
* **Personalized experiences:** AI can tailor products and services to individual preferences, providing a more personalized experience.
* **New innovations:** AI is being used to develop new technologies, such as self-driving cars and advanced medical devices.

**AI is a complex and ever-evolving field, but it's clear that it has the potential to revolutionize our world.**"
7,Environment,Suggest five ways to conserve water at home.,"1. **Install low-flow showerheads and faucet aerators.** This can significantly reduce the amount of water used without sacrificing performance.
2. **Take shorter showers.** Every minute you shave off your shower time, you'll save gallons of water.
3. **Fix leaky faucets and toilets promptly.** Even a small leak can waste hundreds of gallons of water over time.
4. **Use a dishwasher and washing machine only when they are full.** This can save water and energy.
5. **Collect rainwater in a rain barrel and use it for irrigation or other non-drinking purposes.** This can help you reduce your water bill."
8,Finance,What are the benefits of budgeting for students?,"**Benefits of Budgeting for Students:**

**1. Financial Literacy:**
- Budgeting helps students develop essential financial skills such as managing money, saving, and investing.
- By tracking expenses and setting financial goals, students learn to make informed spending decisions.

**2. Reduced Debt and Financial Strain:**
- Budgeting can prevent overspending and help students avoid debt accumulation.
- It allows students to allocate funds for essential expenses, reducing financial strain and increasing their chances of success in the future.

**3. Improved Academic Performance:**
- Budgeting can help students allocate their time and resources effectively, improving their productivity and focus.
- By managing their finances, students can reduce distractions and maximize their learning time.

**4. Increased Savings and Investments:**
- Budgeting encourages students to save and invest a portion of their income.
- This can lead to financial stability and future financial independence.

**5. Reduced Stress and Anxiety:**
- Financial stress can negatively impact student well-being.
- Budgeting provides a sense of control and reduces financial worries, leading to improved mental health.

**6. Clear Goals and Priorities:**
- Budgeting helps students establish clear financial goals, such as saving for a specific trip or a down payment on a car.
- It allows them to prioritize expenses and make informed choices.

**7. Enhanced Financial Planning:**
- Budgeting over time allows students to track their progress and make adjustments to their financial plan as needed.
- It helps them develop a long-term financial strategy.

**8. Improved Credit History:**
- Responsible budgeting and on-time payments can improve students' credit history, making it easier for them to obtain loans or mortgages in the future.

**9. Increased Confidence and Independence:**
- Managing money effectively can boost students' confidence and self-esteem.
- It empowers them to take control of their finances and reach their financial goals.

**10. Reduced Financial Burden on Family Members:**
- By managing their finances independently, students can contribute more to their families and avoid financial burden."
9,Communication,Describe how non-verbal cues affect effective communication.,"Non-verbal cues are a significant aspect of effective communication that can convey a wide range of messages without using words. These cues can include body language, facial expressions, gestures, and posture.

**Body language**

* **Eye contact:** Eye contact shows engagement, sincerity, and confidence.
* **Body posture:** Open and relaxed posture indicates openness and receptiveness, while crossed arms and legs can suggest defensiveness.
* **Distance:** The distance between the speaker and the listener can indicate the level of intimacy and respect.
* **Gestures and facial expressions:** Gestures and facial expressions can complement body language and convey specific emotions or messages.

**Facial expressions**

* **Smiles:** Smiles convey warmth, trust, and openness.
* **Sadness:** Wrinkling the nose and drooping the mouth indicate sadness or negative emotions.
* **Eyes:** The shape and expression of the eyes can express a wide range of emotions, from interest to anger.
* **Eyes scanning:** Looking around the room or at specific objects can indicate attentiveness.

**Gestures**

* **Hand gestures:** Using hands to point, point out, or gesture can enhance communication and convey specific meanings.
* **Gestures accompanying speech:** Gestures that match the speaker's words can help illustrate or emphasize points.
* **Body movements:** Body movements such as fidgeting, tapping, or shaking can convey emotions or intentions.

**Posture**

* **Stand up straight:** Proper posture shows confidence and credibility.
* **Slouching or hunched posture:** Slouching or hunched posture can indicate humility or discomfort.
* **Leaning in or away:** Leaning in shows interest and engagement, while leaning away can suggest disinterest or a lack of confidence.

**Other nonverbal cues**

* **Clothing:** Certain clothing choices, such as wearing too much or too little, can send specific messages.
* **Scent:** The way someone smells can sometimes indicate their emotions and well-being.
* **Touch:** Touch can be a powerful non-verbal cue that can convey affection, respect, or disapproval.

**Effective communication**

Non-verbal cues are often used in conjunction with verbal communication to enhance the message being conveyed. By understanding and using these cues effectively, individuals can improve their communication skills, build stronger relationships, and convey their messages in a more effective manner."
10,General Knowledge,Explain the role of satellites in modern communication systems.,"Sure, here's an explanation of the role of satellites in modern communication systems:

**1. Enhanced Communication Coverage:**
- Satellites provide continuous coverage over vast geographical areas, bridging distances that would be challenging for terrestrial infrastructure.
- They enable communication services to reach remote and underserved regions, including remote islands, rural areas, and disaster zones.

**2. Global Connectivity:**
- Satellites connect different parts of the world through a network of orbiting stations. This allows for seamless communication between individuals, businesses, and governments across continents.
- Satellite internet connectivity provides affordable and high-speed internet access to remote areas, empowering communities with access to education, healthcare, and other services.

**3. Enhanced Reliability and Continuity:**
- Unlike terrestrial infrastructure, satellites are not affected by natural disasters or power outages. They provide a more resilient communication link.
- In case of terrestrial disruptions, satellites can serve as temporary communication hubs, connecting people and businesses to each other.

**4. Mobile Communication:**
- Mobile phones and other wireless devices can communicate with satellites orbiting in specific geosynchronous (GEO) orbits.
- GEO satellites maintain a consistent position relative to a specific point on Earth, allowing mobile phones to maintain a stable connection.

**5. Broadcasting and Television:**
- Satellites play a vital role in broadcasting and television transmission.
- They relay signals from terrestrial broadcast stations to homes and devices, providing access to news, entertainment, and other programming.

**6. Disaster Relief and Emergency Communication:**
- Satellites are crucial for communication during natural disasters or emergency situations.
- They provide real-time information, coordination, and rescue efforts, connecting disaster relief agencies, rescue teams, and community members.

**7. Data Collection and Monitoring:**
- Satellites can collect vast amounts of data from Earth, including weather patterns, environmental conditions, and agricultural activities.
- This data is used for weather forecasting, climate change monitoring, and disaster prediction.

**8. Scientific Research and Communication:**
- Satellites are used in scientific research and communication, providing platforms for data collection and communication among researchers and institutions.

**Overall, satellites have revolutionized communication by enhancing coverage, reliability, mobility, broadcasting, disaster relief, and scientific research. They have made communication accessible and reliable worldwide, connecting people, businesses, and communities in unprecedented ways.**"
